location,time,day,ingredients,calories,protein,fat,carb,total_g,Meal Emissions
fresh stock soups,breakfast,saturday,"{'oat flakes': {'name': 'oat flakes', 'percent': 34}, 'whole wheat flour': {'name': 'whole wheat flour', 'percent': 22}, 'dark chocolate drops': {'name': 'dark chocolate drops', 'percent': 15}, 'vegetable oil': {'name': 'vegetable oil', 'percent': 14.5}, 'sugar': {'name': 'sugar', 'percent': 8.75}, 'glucose and fructose syrup': {'name': 'glucose and fructose syrup', 'percent': 4.01215277777778}, 'raising agents': {'name': 'raising agents', 'percent': 1.8793402777777701}, 'salt': {'name': 'salt', 'percent': 1.8793402777777701}, 'cocoa paste': {'name': 'cocoa paste', 'percent': 3.125}, 'dextrose': {'name': 'dextrose', 'percent': 1.5625}, 'cocoa butter': {'name': 'cocoa butter', 'percent': 0.7812500000000001}, 'emulsifier': {'name': 'emulsifier', 'percent': 0.390625}, 'flavourings': {'name': 'flavourings', 'percent': 0.390625}, 'high oleic sunflower': {'name': 'high oleic sunflower', 'percent': 14.5}, 'sodium acid carbonate': {'name': 'sodium acid carbonate', 'percent': 0.9396701388888861}, 'ammonium acid carbonate': {'name': 'ammonium acid carbonate', 'percent': 0.9396701388888861}, 'soy lecithin': {'name': 'soy lecithin', 'percent': 0.390625}}",476,7.6,21,61,425,2.3744225329944455
,,tuesday,"{'Farine de blé tendre': {'name': 'Farine de blé tendre', 'percent': 40}, 'perles de sucre': {'name': 'perles de sucre', 'percent': 21}, 'huiles végétales de palme': {'name': 'huiles végétales de palme', 'percent': 13}, 'huiles végétales de colza': {'name': 'huiles végétales de colza', 'percent': 13}, 'sirop de glucose-fructose': {'name': 'sirop de glucose-fructose', 'percent': 9}, 'oeufs frais': {'name': 'oeufs frais', 'percent': 4}, 'levure': {'name': 'levure', 'percent': 0}, 'émulsifiant': {'name': 'émulsifiant', 'percent': 0}, 'sel': {'name': 'sel', 'percent': 0}, 'arôme': {'name': 'arôme', 'percent': 0}, ""mono- et diglycérides d'acides gras"": {'name': ""mono- et diglycérides d'acides gras"", 'percent': 0}, 'stéaroyl-2-lactylate de sodium': {'name': 'stéaroyl-2-lactylate de sodium', 'percent': 0}, 'lécithine de soja': {'name': 'lécithine de soja', 'percent': 0}}",441,5,21.7,55.9,315,1.291492629964
greyhound grille,dinner,tuesday,"{'corn flour': {'name': 'corn flour', 'percent': 75}, 'high oleic sunflower oil': {'name': 'high oleic sunflower oil', 'percent': 25}}",509,5.4,27,59.2,156,1.80230590625
greyhound grille,dinner,saturday,"{'Eau': {'name': 'Eau', 'percent': 53.3333333333333}, 'huile de colza': {'name': 'huile de colza', 'percent': 23.3333333333333}, ""vinaigre d'alcool"": {'name': ""vinaigre d'alcool"", 'percent': 0.18229166666666602}, 'purée de tomates double-concentrée': {'name': 'purée de tomates double-concentrée', 'percent': 5.83333333333333}, 'sucre': {'name': 'sucre', 'percent': 0.022786458333333003}, 'moutarde': {'name': 'moutarde', 'percent': 1.45833333333333}, 'amidon modifié de maïs': {'name': 'amidon modifié de maïs', 'percent': 0.7291666666666641}, 'sauce Worcestershire': {'name': 'sauce Worcestershire', 'percent': 0.36458333333332904}, ""jaune d'ŒUF"": {'name': ""jaune d'ŒUF"", 'percent': 0.18229166666666402}, 'épices': {'name': 'épices', 'percent': 0.00035603841145800003}, 'sel': {'name': 'sel', 'percent': 0.011393229166666002}, 'arômes': {'name': 'arômes', 'percent': 0.005696614583333001}, 'épaississant': {'name': 'épaississant', 'percent': 0.011393229166664002}, 'antioxydant': {'name': 'antioxydant', 'percent': 0.0056966145833280005}, 'colorant': {'name': 'colorant', 'percent': 0.0056966145833280005}, 'eau': {'name': 'eau', 'percent': 0.18229166666666402}, 'graines de MOUTARDE': {'name': 'graines de MOUTARDE', 'percent': 0.36458333333333204}, 'sirop de glucose': {'name': 'sirop de glucose', 'percent': 0.09114583333333201}, ""vinaigre de malt d'ORGE"": {'name': ""vinaigre de malt d'ORGE"", 'percent': 0.045572916666666005}, ""extrait d'oignon"": {'name': ""extrait d'oignon"", 'percent': 0.0028483072916660004}, 'ANCHOIS': {'name': 'ANCHOIS', 'percent': 0.0014241536458330002}, 'jus de citron concentré': {'name': 'jus de citron concentré', 'percent': 0.0007120768229160001}, 'herbes': {'name': 'herbes', 'percent': 0.00017801920572900002}, 'ail': {'name': 'ail', 'percent': 0.00017801920572900002}, 'gomme xanthane': {'name': 'gomme xanthane', 'percent': 0.011393229166664002}, 'calcium disodium EDTA': {'name': 'calcium disodium EDTA', 'percent': 0.0056966145833280005}, 'caroténoïdes': {'name': 'caroténoïdes', 'percent': 0.0056966145833280005}}",240,1.1,21,11,260,1.3861301149857084
greyhound grille,dinner,thursday,"{'Chicken white meat': {'name': 'Chicken white meat', 'percent': 52.5}, 'water': {'name': 'water', 'percent': 23.75}, 'wheat flour': {'name': 'wheat flour', 'percent': 11.875}, 'monterey jack cheese': {'name': 'monterey jack cheese', 'percent': 5.9375}, 'pepper jack cheese': {'name': 'pepper jack cheese', 'percent': 2.96875}, 'corn red bell pepper': {'name': 'corn red bell pepper', 'percent': 1.484375}, 'spinach': {'name': 'spinach', 'percent': 0.7421875}, 'may contain 2% and less corn starch': {'name': 'may contain 2% and less corn starch', 'percent': 0.37109375}, 'soybean oil': {'name': 'soybean oil', 'percent': 0.185546875}, 'jalapeno pepper': {'name': 'jalapeno pepper', 'percent': 0.0927734375}, 'black beans': {'name': 'black beans', 'percent': 0.04638671875}, 'sugar': {'name': 'sugar', 'percent': 0.023193359375}, 'cilantro': {'name': 'cilantro', 'percent': 0.0115966796875}, 'salt': {'name': 'salt', 'percent': 9.05990600585938e-05}, 'sodium acid pyrophosphate': {'name': 'sodium acid pyrophosphate', 'percent': 0.0028991699218750004}, 'baking soda': {'name': 'baking soda', 'percent': 0.0014495849609370002}, 'fresh garlic': {'name': 'fresh garlic', 'percent': 0.0007247924804680001}, 'spices': {'name': 'spices', 'percent': 2.83122062683105e-06}, 'chili pepper': {'name': 'chili pepper', 'percent': 1.1324882507324202e-05}, 'spice blend': {'name': 'spice blend', 'percent': 0.00018119812011700001}, 'with water': {'name': 'with water', 'percent': 26.875}, 'rich starch': {'name': 'rich starch', 'percent': 12.8125}, 'sodium phosphate': {'name': 'sodium phosphate', 'percent': 12.3275}, 'with niacin': {'name': 'with niacin', 'percent': 5.9375}, 'reduced iron': {'name': 'reduced iron', 'percent': 2.96875}, 'thiamine mononitrate': {'name': 'thiamine mononitrate', 'percent': 1.484375}, 'riboflavin': {'name': 'riboflavin', 'percent': 0.7421875}, 'folic acid': {'name': 'folic acid', 'percent': 0.7421875}, 'cultured pasteurized milk': {'name': 'cultured pasteurized milk', 'percent': 2.96875}, 'enzymes': {'name': 'enzymes', 'percent': 0.185546875}, 'pasteurized milk': {'name': 'pasteurized milk', 'percent': 1.484375}, 'cheese cultures': {'name': 'cheese cultures', 'percent': 0.7421875}, 'jalapeno peppers': {'name': 'jalapeno peppers', 'percent': 0.37109375}, 'with salt': {'name': 'with salt', 'percent': 0.04638671875}, 'acetic acid': {'name': 'acetic acid', 'percent': 0.023193359375}, 'calcium chloride': {'name': 'calcium chloride', 'percent': 0.023193359375}, 'with citric acid': {'name': 'with citric acid', 'percent': 0.0007247924804680001}, 'paprika': {'name': 'paprika', 'percent': 4.52995300292969e-05}, 'dehydrated onion': {'name': 'dehydrated onion', 'percent': 2.2649765014648404e-05}, 'corn starch': {'name': 'corn starch', 'percent': 5.66244125366211e-06}, 'garlic': {'name': 'garlic', 'percent': 1.4156103134155299e-06}, 'annatto': {'name': 'annatto', 'percent': 7.07805156707764e-07}, 'silicon dioxide': {'name': 'silicon dioxide', 'percent': 7.07805156707764e-07}}",188,12.35,9.41,15.29,340.1942775,5.118340122148383
omelete pasta station,breakfast,saturday,{},210,16,15,4,16,0.0
inspired eats,lunch,friday,"{'Pain spécial coloré': {'name': 'Pain spécial coloré', 'percent': 41.9}, 'yaourt à la grecque': {'name': 'yaourt à la grecque', 'percent': 14.1}, 'poitrine de boeuf cuite fumée': {'name': 'poitrine de boeuf cuite fumée', 'percent': 13.1}, 'cheddar rouge': {'name': 'cheddar rouge', 'percent': 8.4}, ""pickle d'oignon rouge aigre-doux"": {'name': ""pickle d'oignon rouge aigre-doux"", 'percent': 5.2}, 'chou blanc': {'name': 'chou blanc', 'percent': 3.5}, 'chou rouge': {'name': 'chou rouge', 'percent': 3.5}, 'carotte râpée': {'name': 'carotte râpée', 'percent': 3.5}, 'morceau de bacon cuit fumé au bois de hêtre': {'name': 'morceau de bacon cuit fumé au bois de hêtre', 'percent': 2.5}, 'mayonnaise': {'name': 'mayonnaise', 'percent': 1.2829545454545501}, 'spécialité fromagère': {'name': 'spécialité fromagère', 'percent': 1.05119949494949}, 'ciboulette': {'name': 'ciboulette', 'percent': 0.839829545454545}, 'farine de BLE': {'name': 'farine de BLE', 'percent': 0.5630082070707021}, 'fibre de BLÉ': {'name': 'fibre de BLÉ', 'percent': 0.28150410353535404}, 'sel': {'name': 'sel', 'percent': 0.020046164772727002}, 'poivre': {'name': 'poivre', 'percent': 0.7000000000000051}, 'jus de citron': {'name': 'jus de citron', 'percent': 0.035188012941915}, ""issue d'animaux nés"": {'name': ""issue d'animaux nés"", 'percent': 0.017594006470957}, 'élevés': {'name': 'élevés', 'percent': 0.008797003235478001}, 'abattus et transformés en France': {'name': 'abattus et transformés en France', 'percent': 0.008797003235486}, 'farine de BLÉ': {'name': 'farine de BLÉ', 'percent': 11.45703125}, 'eau': {'name': 'eau', 'percent': 0.08018465909090901}, 'huile de colza': {'name': 'huile de colza', 'percent': 0.6414772727272731}, 'sucre': {'name': 'sucre', 'percent': 0.020046164772727002}, 'encre de seiche': {'name': 'encre de seiche', 'percent': 0.306884765625}, 'levure': {'name': 'levure', 'percent': 0.61376953125}, ""extrait d'acérola"": {'name': ""extrait d'acérola"", 'percent': 0.1534423828125}, 'LAIT en poudre': {'name': 'LAIT en poudre', 'percent': 0.038360595703125}, 'CEUF de poule élevée en plein air': {'name': 'CEUF de poule élevée en plein air', 'percent': 0.019180297851562}, 'graine de lin brun': {'name': 'graine de lin brun', 'percent': 0.009590148925781}, 'graine de millet': {'name': 'graine de millet', 'percent': 0.0047950744628900005}, 'graine de lin jaune': {'name': 'graine de lin jaune', 'percent': 0.0023975372314450002}, 'graine de tournesol': {'name': 'graine de tournesol', 'percent': 0.001198768615722}, 'graine de chia': {'name': 'graine de chia', 'percent': 0.001198768615722}, 'poitrine de boeuf': {'name': 'poitrine de boeuf', 'percent': 8.9}, 'sel de Guérande': {'name': 'sel de Guérande', 'percent': 0.7000000000000001}, 'paprika': {'name': 'paprika', 'percent': 0.7000000000000001}, 'fenouil': {'name': 'fenouil', 'percent': 0.7000000000000001}, 'ail': {'name': 'ail', 'percent': 0.7000000000000001}, 'thym': {'name': 'thym', 'percent': 0.7000000000000001}, 'LAIT': {'name': 'LAIT', 'percent': 5.6}, 'ferments lactiques': {'name': 'ferments lactiques', 'percent': 0.7000000000000001}, 'coagulant microbien': {'name': 'coagulant microbien', 'percent': 0.7000000000000001}, 'colorant': {'name': 'colorant', 'percent': 0.6999999999999991}, 'oignon rouge': {'name': 'oignon rouge', 'percent': 3.03333333333333}, 'vinaigre de vin rouge': {'name': 'vinaigre de vin rouge', 'percent': 0.5416666666666671}, 'concentré de carotte pourpre': {'name': 'concentré de carotte pourpre', 'percent': 0.13541666666666702}, 'poitrine de porc': {'name': 'poitrine de porc', 'percent': 1.40625}, 'dextrose': {'name': 'dextrose', 'percent': 0.13671875}, 'blette': {'name': 'blette', 'percent': 0.068359375}, 'arômes naturels': {'name': 'arômes naturels', 'percent': 0.0341796875}, 'carotte déshydratée': {'name': 'carotte déshydratée', 'percent': 0.01708984375}, 'ferment': {'name': 'ferment', 'percent': 0.01708984375}, 'MOUTARDE': {'name': 'MOUTARDE', 'percent': 0.16036931818181802}, ""jaune d'CEUF de poule élevée en plein air"": {'name': ""jaune d'CEUF de poule élevée en plein air"", 'percent': 0.08018465909090901}, ""vinaigre d'alcool"": {'name': ""vinaigre d'alcool"", 'percent': 0.020046164772727002}, ""jaune d'ŒUF en poudre issu de poule élevée en plein air"": {'name': ""jaune d'ŒUF en poudre issu de poule élevée en plein air"", 'percent': 0.010023082386363001}, 'jus de citron concentré': {'name': 'jus de citron concentré', 'percent': 0.005011541193181}, 'LAIT entier': {'name': 'LAIT entier', 'percent': 0.525599747474747}, 'crème': {'name': 'crème', 'percent': 0.262799873737374}, 'préparation de protéines de LAIT': {'name': 'préparation de protéines de LAIT', 'percent': 0.131399936868687}, 'perméat de lactosérum': {'name': 'perméat de lactosérum', 'percent': 0.065699968434343}, 'stabilisant': {'name': 'stabilisant', 'percent': 0.016424992108585}, 'acidifiant': {'name': 'acidifiant', 'percent': 0.016424992108585}, 'GLUTEN de BLÉ': {'name': 'GLUTEN de BLÉ', 'percent': 5.401171875}, 'malt de BLÉ': {'name': 'malt de BLÉ', 'percent': 2.7005859375}, 'agent de traitement de la farine': {'name': 'agent de traitement de la farine', 'percent': 2.7005859375}, 'amidon de manioc': {'name': 'amidon de manioc', 'percent': 0.1534423828125}, 'liquide': {'name': 'liquide', 'percent': 0.08018465909090901}, 'Salvia hispanica': {'name': 'Salvia hispanica', 'percent': 0.001198768615722}, 'norbixine de rocou': {'name': 'norbixine de rocou', 'percent': 0.6999999999999991}, 'graine de MOUTARDE': {'name': 'graine de MOUTARDE', 'percent': 0.040092329545454004}, 'farine de graines de caroube': {'name': 'farine de graines de caroube', 'percent': 0.016424992108585}, 'acide citrique': {'name': 'acide citrique', 'percent': 0.016424992108585}, 'acide ascorbique': {'name': 'acide ascorbique', 'percent': 2.7005859375}}",242,11,10,25,165,1.4284833158244221
pizza,,tuesday,"{'flour': {'name': 'flour', 'percent': 51.7241379310345}, 'water': {'name': 'water', 'percent': 0.005893049568965}, 'low moisture part skim mozzarella cheese': {'name': 'low moisture part skim mozzarella cheese', 'percent': 12.0689655172414}, 'cooked pizza topping': {'name': 'cooked pizza topping', 'percent': 6.03448275862069}, 'green and red peppers': {'name': 'green and red peppers', 'percent': 3.01724137931035}, 'tomato paste': {'name': 'tomato paste', 'percent': 1.50862068965517}, 'pepperoni made with pork': {'name': 'pepperoni made with pork', 'percent': 0.7543103448275871}, 'chicken': {'name': 'chicken', 'percent': 0.7543103448275861}, 'beef': {'name': 'beef', 'percent': 0.023572198275862002}, 'onion': {'name': 'onion', 'percent': 0.09428879310344401}, 'contains 2% and less of': {'name': 'contains 2% and less of', 'percent': 0.005893049568965}, 'palm oil': {'name': 'palm oil', 'percent': 0.023572198275857003}, 'sugar': {'name': 'sugar', 'percent': 0.047144396551724005}, 'vegetable oil': {'name': 'vegetable oil', 'percent': 0.005893049568967}, 'salt': {'name': 'salt', 'percent': 0.7543103448275861}, 'modified food starch': {'name': 'modified food starch', 'percent': 0.001473262392238}, 'spice': {'name': 'spice', 'percent': 0.000736631196119}, 'maltodextrin': {'name': 'maltodextrin', 'percent': 0.00036831559805900003}, 'dried garlic': {'name': 'dried garlic', 'percent': 0.00018415779902600002}, 'hydrolyzed soy and corn protein': {'name': 'hydrolyzed soy and corn protein', 'percent': 9.207889951312612e-05}, 'paprika': {'name': 'paprika', 'percent': 1.43873280492035e-06}, 'dried onion': {'name': 'dried onion', 'percent': 2.3019724878281502e-05}, 'wheat starch': {'name': 'wheat starch', 'percent': 1.1509862439140802e-05}, 'l-cysteine hydrochloride': {'name': 'l-cysteine hydrochloride', 'percent': 5.754931223123089e-06}, 'ammonium sulfate': {'name': 'ammonium sulfate', 'percent': 2.8774656115615497e-06}, 'soy lecithin': {'name': 'soy lecithin', 'percent': 1.4387328093334898e-06}, 'natural flavor': {'name': 'natural flavor', 'percent': 7.193664046667439e-07}, 'enzymes': {'name': 'enzymes', 'percent': 5.38573275862069}, 'ascorbic acid': {'name': 'ascorbic acid', 'percent': 3.5968319878065797e-07}, 'wheat flour': {'name': 'wheat flour', 'percent': 26.1083743842365}, 'malted barley flour': {'name': 'malted barley flour', 'percent': 12.807881773399}, 'niacin': {'name': 'niacin', 'percent': 6.40394088669951}, 'reduced iron': {'name': 'reduced iron', 'percent': 3.20197044334975}, 'thiamine mononitrate': {'name': 'thiamine mononitrate', 'percent': 1.6009852216748799}, 'riboflavin': {'name': 'riboflavin', 'percent': 0.800492610837441}, 'folic acid': {'name': 'folic acid', 'percent': 0.800492610837445}, 'cultured pasteurized part skim milk': {'name': 'cultured pasteurized part skim milk', 'percent': 6.03448275862069}, 'sausage': {'name': 'sausage', 'percent': 3.01724137931035}, 'textured vegetable protein': {'name': 'textured vegetable protein', 'percent': 1.50862068965517}, 'pork': {'name': 'pork', 'percent': 1.50862068965517}, 'dextrose': {'name': 'dextrose', 'percent': 0.002946524784482}, 'spices': {'name': 'spices', 'percent': 0.37715517241379304}, 'smoke flavoring': {'name': 'smoke flavoring', 'percent': 0.0007366311961200001}, 'lactic acid starter culture': {'name': 'lactic acid starter culture', 'percent': 0.00036831559806000004}, 'sodium ascorbate': {'name': 'sodium ascorbate', 'percent': 0.00018415779903000002}, 'flavoring': {'name': 'flavoring', 'percent': 9.207889951508291e-05}, 'garlic': {'name': 'garlic', 'percent': 0.047144396551724005}, 'sodium nitrite': {'name': 'sodium nitrite', 'percent': 2.30197248787672e-05}, 'bha': {'name': 'bha', 'percent': 1.15098624393906e-05}, 'bht': {'name': 'bht', 'percent': 5.75493121969528e-06}, 'citric acid': {'name': 'citric acid', 'percent': 2.8774656098407e-06}, 'contains one and more of': {'name': 'contains one and more of', 'percent': 1.43873280492035e-06}, 'oleoresin of paprika': {'name': 'oleoresin of paprika', 'percent': 1.43873280492035e-06}, 'yeast': {'name': 'yeast', 'percent': 0.047144396551722006}, 'soybean': {'name': 'soybean', 'percent': 0.002946524784483}, 'canola oil': {'name': 'canola oil', 'percent': 0.002946524784483}, 'soy flour': {'name': 'soy flour', 'percent': 0.7543103448275861}}",241,9.02,11.28,25.56,664,2.9085101688501616
pizza,,sunday,"{'_VETEMJÖL_': {'name': '_VETEMJÖL_', 'percent': 38.85}, '_OST_': {'name': '_OST_', 'percent': 23}, 'nötkött': {'name': 'nötkött', 'percent': 7}, 'tomatpuré': {'name': 'tomatpuré', 'percent': 4.75}, '_MJÖLK_': {'name': '_MJÖLK_', 'percent': 0.1}, 'rapsolja': {'name': 'rapsolja', 'percent': 4.75}, 'vatten': {'name': 'vatten', 'percent': 0.535714285714286}, 'lök': {'name': 'lök', 'percent': 4.75}, 'bacon': {'name': 'bacon', 'percent': 2.5}, 'salt': {'name': 'salt', 'percent': 0.0125}, 'modifierad _VETESTÄRKELSE_': {'name': 'modifierad _VETESTÄRKELSE_', 'percent': 0.7000000000000001}, '_CRÈME FRAICHE_': {'name': '_CRÈME FRAICHE_', 'percent': 0.7000000000000001}, 'kryddor': {'name': 'kryddor', 'percent': 0.7000000000000001}, 'socker': {'name': 'socker', 'percent': 0.7000000000000001}, 'jäst': {'name': 'jäst', 'percent': 0.7000000000000001}, '_BLÅMÖGELOST_': {'name': '_BLÅMÖGELOST_', 'percent': 0.2}, 'vitvinsvinäger': {'name': 'vitvinsvinäger', 'percent': 0.1}, 'ärtprotein': {'name': 'ärtprotein', 'percent': 0.1}, 'vitlök': {'name': 'vitlök', 'percent': 0.1}, 'färgämne': {'name': 'färgämne', 'percent': 0.1}, 'kryddextrakt': {'name': 'kryddextrakt', 'percent': 0.10000000000000901}, 'griskött': {'name': 'griskött', 'percent': 1.42857142857143}, 'rökarom': {'name': 'rökarom', 'percent': 0.133928571428571}, 'antioxidationsmedel': {'name': 'antioxidationsmedel', 'percent': 0.066964285714285}, 'stabiliseringsmedel': {'name': 'stabiliseringsmedel', 'percent': 0.033482142857142}, 'konserveringsmedel': {'name': 'konserveringsmedel', 'percent': 0.033482142857142}, 'mjölksyra': {'name': 'mjölksyra', 'percent': 0.05}, 'mögelkultur': {'name': 'mögelkultur', 'percent': 0.025}, 'löpe': {'name': 'löpe', 'percent': 0.0125}, 'betakaroten': {'name': 'betakaroten', 'percent': 0.1}, 'e331': {'name': 'e331', 'percent': 0.066964285714285}, 'e451': {'name': 'e451', 'percent': 0.033482142857142}, 'e250': {'name': 'e250', 'percent': 0.033482142857142}}",254,11,11,27,170,0.032571149877625
inspired eats,dinner,friday,"{'Schweinefleisch flüssig gewürzt': {'name': 'Schweinefleisch flüssig gewürzt', 'percent': 98}, 'Würzung': {'name': 'Würzung', 'percent': 2}, 'QS-Ware': {'name': 'QS-Ware', 'percent': 0}, 'Schweinefleisch': {'name': 'Schweinefleisch', 'percent': 85}, 'Flüssigwürzung': {'name': 'Flüssigwürzung', 'percent': 13}, 'Tomaten': {'name': 'Tomaten', 'percent': 1.16666666666667}, 'Speisesalz': {'name': 'Speisesalz', 'percent': 0.30000000000000004}, 'Gewürze': {'name': 'Gewürze', 'percent': 0.208333333333333}, 'Zucker': {'name': 'Zucker', 'percent': 0.104166666666667}, 'Gewürzextrakte': {'name': 'Gewürzextrakte', 'percent': 0.26093750000000104}, 'Buchenholzrauch': {'name': 'Buchenholzrauch', 'percent': 0.30000000000000004}, 'Trinkwasser': {'name': 'Trinkwasser', 'percent': 7.3125}, 'Reisstärke': {'name': 'Reisstärke', 'percent': 2.84375}, 'Rauchsalz': {'name': 'Rauchsalz', 'percent': 0.6000000000000001}, 'Maltodextrin': {'name': 'Maltodextrin', 'percent': 0.6000000000000001}, 'Säureregulator': {'name': 'Säureregulator', 'percent': 0.5218750000000011}, 'Stabilisator': {'name': 'Stabilisator', 'percent': 0.26093750000000104}, 'Natriumcarbonate': {'name': 'Natriumcarbonate', 'percent': 0.5218750000000011}, 'Diphosphate': {'name': 'Diphosphate', 'percent': 0.26093750000000104}}",144,18,7,2,550,0.02545084854916668
loyola diner,lunch,friday,"{'tofu': {'name': 'tofu', 'percent': '53.125'}, 'brown rice': {'name': 'brown rice', 'percent': '23.4375'}, 'broccoli': {'name': 'broccoli', 'percent': '11.71875'}, 'non-gmo soy sauce': {'name': 'non-gmo soy sauce', 'percent': '5.859375'}, 'vegetable broth': {'name': 'vegetable broth', 'percent': '2.9296875'}, 'cane sugar': {'name': 'cane sugar', 'percent': '0.0212665632659312'}, 'red bell peppers': {'name': 'red bell peppers', 'percent': '0.732421875'}, 'rice vinegar': {'name': 'rice vinegar', 'percent': '0.3662109375'}, 'sake mirin': {'name': 'sake mirin', 'percent': '0.18310546875'}, 'ginger': {'name': 'ginger', 'percent': '0.091552734375'}, 'green onions': {'name': 'green onions', 'percent': '0.0457763671875'}, 'non-gmo cornstarch': {'name': 'non-gmo cornstarch', 'percent': '0.02288818359375'}, 'non-gmo expeller pressed canola oil': {'name': 'non-gmo expeller pressed canola oil', 'percent': '0.011444091796875'}, 'sesame oil': {'name': 'sesame oil', 'percent': '0.0057220458984375'}, 'garlic': {'name': 'garlic', 'percent': '0.000166145025515041'}, 'red chile peppers': {'name': 'red chile peppers', 'percent': '0.00286102294921875'}, 'water': {'name': 'water', 'percent': '0.091552734375'}, 'soybeans': {'name': 'soybeans', 'percent': '0.000664580102060386'}, 'calcium sulfate': {'name': 'calcium sulfate', 'percent': '6.4453125'}, 'calcium chloride': {'name': 'calcium chloride', 'percent': '6.4453125'}, 'wheat': {'name': 'wheat', 'percent': '0.732421875'}, 'salt': {'name': 'salt', 'percent': '0.3921568627451'}, 'alcohol': {'name': 'alcohol', 'percent': '4.15362563788158e-05'}, 'carrots': {'name': 'carrots', 'percent': '0.3921568627451'}, 'celery': {'name': 'celery', 'percent': '0.3402650122549'}, 'onion': {'name': 'onion', 'percent': '0.000332290051030082'}, 'tomato': {'name': 'tomato', 'percent': '0.085066253063725'}, 'yeast extract': {'name': 'yeast extract', 'percent': '0.0425331265318625'}, 'canola oil': {'name': 'canola oil', 'percent': '0.0106332816329657'}, 'tapioca maltodextrin': {'name': 'tapioca maltodextrin', 'percent': '0.00531664081648286'}, 'tomato paste': {'name': 'tomato paste', 'percent': '0.00265832040824154'}, 'potato starch': {'name': 'potato starch', 'percent': '0.00132916020412077'}, 'spices': {'name': 'spices', 'percent': '8.30725127576315e-05'}, 'rice': {'name': 'rice', 'percent': '0.0457763671875'}, 'spice extracts': {'name': 'spice extracts', 'percent': '2.07681281896299e-05'}, 'sea salt': {'name': 'sea salt', 'percent': '0.02288818359375'}, 'koji aspergillus oryzae': {'name': 'koji aspergillus oryzae', 'percent': '0.02288818359375'}}",145.09803921569,4.3137254901961,5.0980392156863,20.78431372549,255.145708125,0.8466244935108282
inspired eats,dinner,sunday,"{'long grain basmati rice': {'name': 'long grain basmati rice', 'percent': 100}}",351,8.7,0.8,77,500,4.100104371
loyola diner,lunch,wednesday,"{'wheat flour': {'name': 'wheat flour', 'percent': 0.74}, 'water': {'name': 'water', 'percent': 21.875}, 'yeast': {'name': 'yeast', 'percent': 10.9375}, 'salt': {'name': 'salt', 'percent': 0.74}, 'malted wheat flour': {'name': 'malted wheat flour', 'percent': 0.74}, 'antioxidant': {'name': 'antioxidant', 'percent': 0.74}, 'deactivated yeast': {'name': 'deactivated yeast', 'percent': 7.9775000000000205}, 'ascorbic acid': {'name': 'ascorbic acid', 'percent': 0.74}}",239,7.8,0.8,49,300,0.8779297028460079
loyola diner,lunch,thursday,"{'idaho potatoes': {'name': 'idaho potatoes', 'percent': 52}, 'vegetable oil': {'name': 'vegetable oil', 'percent': 24}, 'corn syrup solids': {'name': 'corn syrup solids', 'percent': 12}, 'salt': {'name': 'salt', 'percent': 2.6339285714286502}, 'whey powder': {'name': 'whey powder', 'percent': 2.6339285714286502}, 'sugar': {'name': 'sugar', 'percent': 2.6339285714286502}, 'maltodextrin': {'name': 'maltodextrin', 'percent': 2.04910714285702}, 'nonfat dry milk': {'name': 'nonfat dry milk', 'percent': 1.02455357142851}, 'sodium caseinate': {'name': 'sodium caseinate', 'percent': 0.512276785714256}, 'natural and artificial flavor': {'name': 'natural and artificial flavor', 'percent': 0.25613839285712503}, 'mono- and diglycerides': {'name': 'mono- and diglycerides', 'percent': 0.12806919642856202}, 'garlic': {'name': 'garlic', 'percent': 0.06403459821427701}, 'calcium stearoyl lactylate': {'name': 'calcium stearoyl lactylate', 'percent': 0.032017299107138006}, 'hydrolyzed soy protein': {'name': 'hydrolyzed soy protein', 'percent': 0.016008649553569003}, 'parsley': {'name': 'parsley', 'percent': 0.008004324776784}, 'dipotassium phosphate': {'name': 'dipotassium phosphate', 'percent': 0.004002162388388001}, 'spice': {'name': 'spice', 'percent': 0.0020010811941940003}, 'sodium acid pyrophosphate': {'name': 'sodium acid pyrophosphate', 'percent': 0.0010005405970970002}, 'artificial color': {'name': 'artificial color', 'percent': 0.0005002702985450001}, 'sodium bisulfite': {'name': 'sodium bisulfite', 'percent': 0.000250135149272}, 'disodium inosinate': {'name': 'disodium inosinate', 'percent': 0.000125067574636}, 'disodium guanylate': {'name': 'disodium guanylate', 'percent': 6.25337873145781e-05}, 'citric acid': {'name': 'citric acid', 'percent': 3.12668936572891e-05}, 'mixed tocopherols': {'name': 'mixed tocopherols', 'percent': 1.5633446828644503e-05}, 'less than 2.0% silicon dioxide added as an anti-caking agent': {'name': 'less than 2.0% silicon dioxide added as an anti-caking agent', 'percent': 1.5633446821539103e-05}, 'contains one and more of the following': {'name': 'contains one and more of the following', 'percent': 12}, 'palm': {'name': 'palm', 'percent': 6}, 'soybean': {'name': 'soybean', 'percent': 3}, 'cottonseed': {'name': 'cottonseed', 'percent': 1.5}, 'sunflower': {'name': 'sunflower', 'percent': 0.75}, 'canola': {'name': 'canola', 'percent': 0.75}, 'preserve freshness': {'name': 'preserve freshness', 'percent': 1.5633446828644503e-05}, 'coconut': {'name': 'coconut', 'percent': 12}}",392.85714285714,7.1428571428571,8.9285714285714,67.857142857143,113.4,1.1931877508291304
loyola diner,lunch,sunday,"{'Potato': {'name': 'Potato', 'percent': 91}, 'Batter': {'name': 'Batter', 'percent': '4.5'}, 'Flour': {'name': 'Flour', 'percent': '2.25'}, 'Dextrin': {'name': 'Dextrin', 'percent': '1.125'}, 'Starch': {'name': 'Starch', 'percent': '0.5625'}, 'Vegetable Oil': {'name': 'Vegetable Oil', 'percent': '0.28125'}, 'Vegetable Fibre': {'name': 'Vegetable Fibre', 'percent': '0.140625'}, 'Turmeric Extract': {'name': 'Turmeric Extract', 'percent': '0.0703125'}, 'Colour': {'name': 'Colour', 'percent': '0.03515625'}, 'Sunflower Oil': {'name': 'Sunflower Oil', 'percent': '0.03515625'}, 'Salt': {'name': 'Salt', 'percent': 0}, '_Wheat_': {'name': '_Wheat_', 'percent': '0.28125'}, 'Rice': {'name': 'Rice', 'percent': '0.5625'}, 'Broad Bean': {'name': 'Broad Bean', 'percent': '0.5625'}, 'Potato Maize': {'name': 'Potato Maize', 'percent': '0.28125'}, 'Shea': {'name': 'Shea', 'percent': '0.140625'}, 'Coconut': {'name': 'Coconut', 'percent': '0.140625'}, 'Paprika Extract': {'name': 'Paprika Extract', 'percent': '0.03515625'}, 'with Calcium': {'name': 'with Calcium', 'percent': '0.5625'}, 'Iron': {'name': 'Iron', 'percent': '0.28125'}, 'Niacin': {'name': 'Niacin', 'percent': '0.140625'}, 'Thiamin': {'name': 'Thiamin', 'percent': '0.140625'}}",208,3.3,7.2,31,1000,1.571905878207539
loyola diner,lunch,wednesday,"{'corn starch': {'name': 'corn starch', 'percent': 100}}",355,0.5,0.5,86,400,1.08496728
loyola diner,lunch,friday,"{'macaroni': {'name': 'macaroni', 'percent': 75}, 'cheese sauce mix': {'name': 'cheese sauce mix', 'percent': 25}, 'wheat flour': {'name': 'wheat flour', 'percent': 41.6666666666667}, 'durum flour': {'name': 'durum flour', 'percent': 16.6666666666667}, 'niacin': {'name': 'niacin', 'percent': 8.33333333333334}, 'ferrous sulfate': {'name': 'ferrous sulfate', 'percent': 4.16666666666667}, 'thiamin mononitrate': {'name': 'thiamin mononitrate', 'percent': 2.08333333333334}, 'folic acid': {'name': 'folic acid', 'percent': 2.08333333333334}, 'whey': {'name': 'whey', 'percent': 12.5}, 'milkfat': {'name': 'milkfat', 'percent': 6.25}, 'milk protein concentrate': {'name': 'milk protein concentrate', 'percent': 3.125}, 'salt': {'name': 'salt', 'percent': 0.99}, 'sodium triphosphate': {'name': 'sodium triphosphate', 'percent': 0.99}, 'contains less than 2% of citric acid': {'name': 'contains less than 2% of citric acid', 'percent': 0.572500000000002}, 'lactic acid': {'name': 'lactic acid', 'percent': 0.286250000000001}, 'sodium phosphate': {'name': 'sodium phosphate', 'percent': 0.143125000000001}, 'calcium phosphate': {'name': 'calcium phosphate', 'percent': 0.0715625}, 'with paprika': {'name': 'with paprika', 'percent': 0.035781249999999}, 'turmeric': {'name': 'turmeric', 'percent': 0.017890624999999}, 'and annatto added for color': {'name': 'and annatto added for color', 'percent': 0.008945312499999001}, 'enzymes': {'name': 'enzymes', 'percent': 0.004472656249999}, 'cheese culture': {'name': 'cheese culture', 'percent': 0.004472656250001}, 'iron': {'name': 'iron', 'percent': 4.16666666666667}, 'vitamins': {'name': 'vitamins', 'percent': 1.04166666666667}, 'vitamin b11': {'name': 'vitamin b11', 'percent': 0.520833333333334}, 'riboflavin': {'name': 'riboflavin', 'percent': 0.260416666666667}, 'vitamin b2': {'name': 'vitamin b2', 'percent': 0.260416666666667}}",250,9,2,49,205.53404265625,3.668764685028155
loyola diner,lunch,wednesday,"{'macaroni': {'name': 'macaroni', 'percent': 75}, 'cheese sauce mix': {'name': 'cheese sauce mix', 'percent': 25}, 'wheat flour': {'name': 'wheat flour', 'percent': 41.6666666666667}, 'durum flour': {'name': 'durum flour', 'percent': 16.6666666666667}, 'niacin': {'name': 'niacin', 'percent': 8.33333333333334}, 'ferrous sulfate': {'name': 'ferrous sulfate', 'percent': 4.16666666666667}, 'thiamin mononitrate': {'name': 'thiamin mononitrate', 'percent': 2.08333333333334}, 'folic acid': {'name': 'folic acid', 'percent': 2.08333333333334}, 'whey': {'name': 'whey', 'percent': 12.5}, 'milkfat': {'name': 'milkfat', 'percent': 6.25}, 'milk protein concentrate': {'name': 'milk protein concentrate', 'percent': 3.125}, 'salt': {'name': 'salt', 'percent': 0.99}, 'sodium triphosphate': {'name': 'sodium triphosphate', 'percent': 0.99}, 'contains less than 2% of citric acid': {'name': 'contains less than 2% of citric acid', 'percent': 0.572500000000002}, 'lactic acid': {'name': 'lactic acid', 'percent': 0.286250000000001}, 'sodium phosphate': {'name': 'sodium phosphate', 'percent': 0.143125000000001}, 'calcium phosphate': {'name': 'calcium phosphate', 'percent': 0.0715625}, 'with paprika': {'name': 'with paprika', 'percent': 0.035781249999999}, 'turmeric': {'name': 'turmeric', 'percent': 0.017890624999999}, 'and annatto added for color': {'name': 'and annatto added for color', 'percent': 0.008945312499999001}, 'enzymes': {'name': 'enzymes', 'percent': 0.004472656249999}, 'cheese culture': {'name': 'cheese culture', 'percent': 0.004472656250001}, 'iron': {'name': 'iron', 'percent': 4.16666666666667}, 'vitamins': {'name': 'vitamins', 'percent': 1.04166666666667}, 'vitamin b11': {'name': 'vitamin b11', 'percent': 0.520833333333334}, 'riboflavin': {'name': 'riboflavin', 'percent': 0.260416666666667}, 'vitamin b2': {'name': 'vitamin b2', 'percent': 0.260416666666667}}",250,9,2,49,205.53404265625,3.668764685028155
inspired eats,lunch,tuesday,"{'wholegrain wheat': {'name': 'wholegrain wheat', 'percent': 42}, 'wholegrain rolled oats': {'name': 'wholegrain rolled oats', 'percent': 36}, 'raisins': {'name': 'raisins', 'percent': 15}, 'skimmed milk powder': {'name': 'skimmed milk powder', 'percent': 3.5}, 'milk whey powder': {'name': 'milk whey powder', 'percent': 1.75}, 'nuts': {'name': 'nuts', 'percent': 1.75}, 'malted barley extract': {'name': 'malted barley extract', 'percent': 0}, 'salt': {'name': 'salt', 'percent': 0}, 'hazelnuts': {'name': 'hazelnuts', 'percent': 0.875}, 'almonds': {'name': 'almonds', 'percent': 0.875}}",375,11,6.2,65,560,1.1022336156132502
inspired eats,lunch,wednesday,"{'white corn flour': {'name': 'white corn flour', 'percent': 60}, 'of corn': {'name': 'of corn', 'percent': 20}, 'yellow': {'name': 'yellow', 'percent': 20}, 'brown rice flour': {'name': 'brown rice flour', 'percent': 0}, 'water': {'name': 'water', 'percent': 0}, 'emulsifier': {'name': 'emulsifier', 'percent': 0}, 'mono- and diglycerides of fatty acids': {'name': 'mono- and diglycerides of fatty acids', 'percent': 0}}",363,6.9,1.5,79.6,400,1.12071245772
inspired eats,dinner,monday,"{'riz long grain': {'name': 'riz long grain', 'percent': 100}}",359,7.4,0.30000000000000004,81.3,1000,4.104754136
inspired eats,lunch,saturday,"{'white corn flour': {'name': 'white corn flour', 'percent': 60}, 'of corn': {'name': 'of corn', 'percent': 20}, 'yellow': {'name': 'yellow', 'percent': 20}, 'brown rice flour': {'name': 'brown rice flour', 'percent': 0}, 'water': {'name': 'water', 'percent': 0}, 'emulsifier': {'name': 'emulsifier', 'percent': 0}, 'mono- and diglycerides of fatty acids': {'name': 'mono- and diglycerides of fatty acids', 'percent': 0}}",363,6.9,1.5,79.6,400,1.12071245772
inspired eats,lunch,saturday,"{'noodles': {'name': 'noodles', 'percent': 18}, 'cooked beef strips': {'name': 'cooked beef strips', 'percent': 18}, 'water': {'name': 'water', 'percent': '2.5375'}, 'dark soy sauce': {'name': 'dark soy sauce', 'percent': 7}, 'spring onion': {'name': 'spring onion', 'percent': 7}, 'carrot batons': {'name': 'carrot batons', 'percent': 7}, 'mushrooms': {'name': 'mushrooms', 'percent': 7}, 'sugar snap peas': {'name': 'sugar snap peas', 'percent': '4.5'}, 'water chestnuts': {'name': 'water chestnuts', 'percent': '4.5'}, 'garlic purée': {'name': 'garlic purée', 'percent': '1.96875'}, 'red pepper': {'name': 'red pepper', 'percent': '1.65625'}, 'yellow pepper': {'name': 'yellow pepper', 'percent': '1.39910714285714'}, 'ginger': {'name': 'ginger', 'percent': '1.17593344155844'}, 'tomato paste': {'name': 'tomato paste', 'percent': '1.07793898809524'}, 'red chillies': {'name': 'red chillies', 'percent': '0.995020604395604'}, 'maize starch': {'name': 'maize starch', 'percent': '0.923947704081632'}, 'vegetable bouillon': {'name': 'vegetable bouillon', 'percent': '0.86235119047619'}, 'rice vinegar': {'name': 'rice vinegar', 'percent': '0.808454241071428'}, 'yeast extract': {'name': 'yeast extract', 'percent': '0.431175595238095'}, '_barley_ malt extract': {'name': '_barley_ malt extract', 'percent': '0.718625992063492'}, 'tomato': {'name': 'tomato', 'percent': '0.0134742373511905'}, 'flavouring': {'name': 'flavouring', 'percent': '0.107793898809524'}, 'spices': {'name': 'spices', 'percent': '0.412577810935709'}, 'garlic': {'name': 'garlic', 'percent': '0.206288905467858'}, 'sweetener': {'name': 'sweetener', 'percent': '0.206288905467858'}, '_wheat_ flour': {'name': '_wheat_ flour', 'percent': '3.375'}, 'durum _wheat_ flour': {'name': 'durum _wheat_ flour', 'percent': '1.6875'}, 'salt': {'name': 'salt', 'percent': '0.503125'}, 'beef': {'name': 'beef', 'percent': '17.82'}, 'soy sauce': {'name': 'soy sauce', 'percent': '4.55'}, 'sugar': {'name': 'sugar', 'percent': 1}, 'vegetable stock': {'name': 'vegetable stock', 'percent': '0.107793898809524'}, 'sucralose': {'name': 'sucralose', 'percent': '0.206288905467858'}, '_soya_ beans': {'name': '_soya_ beans', 'percent': '1.00625'}, '_wheat_': {'name': '_wheat_', 'percent': '0.503125'}, 'onion': {'name': 'onion', 'percent': '0.0538969494047619'}, 'carrot extract': {'name': 'carrot extract', 'percent': '0.0269484747023809'}, 'dried lovage': {'name': 'dried lovage', 'percent': '0.00673711867559523'}, 'thyme': {'name': 'thyme', 'percent': '0.00336855933779762'}, 'bay leaf': {'name': 'bay leaf', 'percent': '0.00336855933779762'}}",87,9.4,0.5,10.1,550,1.826780282200527
loyola diner,dinner,thursday,"{'beef brisket': {'name': 'beef brisket', 'percent': 61}, 'barbecue sauce': {'name': 'barbecue sauce', 'percent': 25}, 'water': {'name': 'water', 'percent': 13.125}, 'sugar': {'name': 'sugar', 'percent': 1.484375}, 'cornflour': {'name': 'cornflour', 'percent': 0.37109375}, 'garlic': {'name': 'garlic', 'percent': 0.023193359375}, 'smoked paprika': {'name': 'smoked paprika', 'percent': 0.403846153846153}, 'salt': {'name': 'salt', 'percent': 0.00579833984375}, 'black pepper': {'name': 'black pepper', 'percent': 0.0028991699218750004}, 'onion': {'name': 'onion', 'percent': 0.04638671875}, 'cayenne pepper': {'name': 'cayenne pepper', 'percent': 0.00036239624023400003}, 'ginger': {'name': 'ginger', 'percent': 9.05990600585938e-05}, 'caramelised sugar': {'name': 'caramelised sugar', 'percent': 0.00018119812011700001}, 'rapeseed oil': {'name': 'rapeseed oil', 'percent': 0.0031550480769190004}, 'paprika extract': {'name': 'paprika extract', 'percent': 0.0031550480769190004}, 'brown sugar': {'name': 'brown sugar', 'percent': 5.9375}, 'spirit vinegar': {'name': 'spirit vinegar', 'percent': 2.96875}, 'tomato purée': {'name': 'tomato purée', 'percent': 0.7421875}, 'whiskey': {'name': 'whiskey', 'percent': 0.185546875}, 'molasses': {'name': 'molasses', 'percent': 0.0927734375}, 'paprika': {'name': 'paprika', 'percent': 0.0115966796875}, 'allspice': {'name': 'allspice', 'percent': 0.0014495849609370002}, 'tamarind': {'name': 'tamarind', 'percent': 0.0007247924804680001}, 'concentrated lemon juice': {'name': 'concentrated lemon juice', 'percent': 4.52995300292969e-05}, 'clove': {'name': 'clove', 'percent': 4.52995300292969e-05}}",175,27.6,1.5,12.2,400,0.7133089047415548
loyola diner,dinner,tuesday,{},413,6,5.7,83.8,100,0.0
loyola diner,dinner,monday,{},176.13636363636,6.8181818181818,3.9772727272727,26.704545454545,1927.7675725,0.0
loyola diner,dinner,thursday,"{'natural jasmine rice': {'name': 'natural jasmine rice', 'percent': 75}, 'rice bran oil': {'name': 'rice bran oil', 'percent': 25}}",175,3.2,2.3,35.3,250,2.0683352595
loyola diner,dinner,saturday,"{'patate douce': {'name': 'patate douce', 'percent': 43}, 'pommes de terre': {'name': 'pommes de terre', 'percent': 31}, 'courge butternut': {'name': 'courge butternut', 'percent': 15}, 'crème': {'name': 'crème', 'percent': 5}, 'beurre': {'name': 'beurre', 'percent': 5}, 'sel': {'name': 'sel', 'percent': 0.75}, 'poivre': {'name': 'poivre', 'percent': 0.25}}",120,1.6,6,14,400,1.6996439006399997
loyola diner,dinner,wednesday,"{'Fibre Enriched White Bread with Black Onion Seeds': {'name': 'Fibre Enriched White Bread with Black Onion Seeds', 'percent': 45}, 'Onion Bhaji': {'name': 'Onion Bhaji', 'percent': 20}, 'Carrot': {'name': 'Carrot', 'percent': 8}, 'Spiced Cauliflower and Sweet Potato Purée': {'name': 'Spiced Cauliflower and Sweet Potato Purée', 'percent': 8}, 'Mango and Apricot Chutney': {'name': 'Mango and Apricot Chutney', 'percent': 8}, 'Sugar': {'name': 'Sugar', 'percent': 0}, 'Mango Purée': {'name': 'Mango Purée', 'percent': 2.75}, 'Apricot': {'name': 'Apricot', 'percent': 0.0859375}, 'Malt Vinegar': {'name': 'Malt Vinegar', 'percent': 0.6875}, 'Apple': {'name': 'Apple', 'percent': 0.34375000000000006}, 'Dried Apricot': {'name': 'Dried Apricot', 'percent': 0.171875}, 'Dried Onion': {'name': 'Dried Onion', 'percent': 0.0859375}, 'Mango': {'name': 'Mango', 'percent': 0.04296875}, 'Coriander Leaf': {'name': 'Coriander Leaf', 'percent': 0.625}, 'Salt': {'name': 'Salt', 'percent': 0}, 'Ginger': {'name': 'Ginger', 'percent': 0.0048828125}, 'Ground Ginger': {'name': 'Ground Ginger', 'percent': 0.002685546875}, 'Coriander': {'name': 'Coriander', 'percent': 0.01953125}, 'Garlic': {'name': 'Garlic', 'percent': 0.00067138671875}, 'Apollo Lettuce': {'name': 'Apollo Lettuce', 'percent': 0.00067138671875}, 'Steam Roasted Pickled Beetroot': {'name': 'Steam Roasted Pickled Beetroot', 'percent': 0}, 'Fried Onions': {'name': 'Fried Onions', 'percent': 0}, 'Fortified Wheat Flour': {'name': 'Fortified Wheat Flour', 'percent': 1.25}, 'Water': {'name': 'Water', 'percent': 11.25}, '_Wheat_ Fibre': {'name': '_Wheat_ Fibre', 'percent': 5.625}, 'Black Onion Seeds': {'name': 'Black Onion Seeds', 'percent': 2.8125}, 'Yeast': {'name': 'Yeast', 'percent': 1.40625}, 'Emulsifiers': {'name': 'Emulsifiers', 'percent': 0.3515625}, '_Wheat_ Protein': {'name': '_Wheat_ Protein', 'percent': 0.17578125}, 'Rapeseed Oil': {'name': 'Rapeseed Oil', 'percent': 5}, 'Flour Treatment Agent': {'name': 'Flour Treatment Agent', 'percent': 0.0439453125}, '_Wheat_ Flour': {'name': '_Wheat_ Flour', 'percent': 0.625}, '_Wheat_ Starch': {'name': '_Wheat_ Starch', 'percent': 0.02197265625}, 'Onion': {'name': 'Onion', 'percent': 0}, 'Gram Flour': {'name': 'Gram Flour', 'percent': 2.5}, 'Fenugreek': {'name': 'Fenugreek', 'percent': 0.078125}, 'Garam Masala': {'name': 'Garam Masala', 'percent': 0.0390625}, 'Cumin': {'name': 'Cumin', 'percent': 0.009765625}, 'Cumin Seeds': {'name': 'Cumin Seeds', 'percent': 0.009765625}, 'Chilli': {'name': 'Chilli', 'percent': 0.0048828125}, 'Raising Agent': {'name': 'Raising Agent', 'percent': 0.00244140625}, 'Turmeric': {'name': 'Turmeric', 'percent': 0.5}, 'Cauliflower': {'name': 'Cauliflower', 'percent': 4}, 'Sweet Potato': {'name': 'Sweet Potato', 'percent': 2}, 'Coriander Seeds': {'name': 'Coriander Seeds', 'percent': 0.5}, '_Barley_': {'name': '_Barley_', 'percent': 0.6875}, 'Rice Flour': {'name': 'Rice Flour', 'percent': 0.04296875}, 'Preservative': {'name': 'Preservative', 'percent': 0.04296875}, 'Beetroot': {'name': 'Beetroot', 'percent': 0}, 'White Wine Vinegar': {'name': 'White Wine Vinegar', 'percent': 0}, 'Palm Oil': {'name': 'Palm Oil', 'percent': 0}, 'Calcium carbonate': {'name': 'Calcium carbonate', 'percent': 0.3125}, 'Iron': {'name': 'Iron', 'percent': 0.15625}, 'Niacin': {'name': 'Niacin', 'percent': 0.078125}, 'Thiamin': {'name': 'Thiamin', 'percent': 0.078125}, 'mono- and diglycerides of fatty acids': {'name': 'mono- and diglycerides of fatty acids', 'percent': 0.17578125}, 'mono- and diacetyl tartaric acid esters of mono- and diglycerides of fatty acids': {'name': 'mono- and diacetyl tartaric acid esters of mono- and diglycerides of fatty acids', 'percent': 0.17578125}, 'Ascorbic acid': {'name': 'Ascorbic acid', 'percent': 0.0439453125}, 'Maize Flour': {'name': 'Maize Flour', 'percent': 1.25}, 'Tyson Peas': {'name': 'Tyson Peas', 'percent': 0.625}, 'Yellow Split Peas': {'name': 'Yellow Split Peas', 'percent': 0.625}, 'Black Pepper': {'name': 'Black Pepper', 'percent': 0.00244140625}, 'Cloves': {'name': 'Cloves', 'percent': 0.001220703125}, 'Cardamom': {'name': 'Cardamom', 'percent': 0.0006103515625}, 'Nutmeg': {'name': 'Nutmeg', 'percent': 0.00030517578125}, 'Star Anise': {'name': 'Star Anise', 'percent': 0.00030517578125}, 'Sodium hydrogen carbonate': {'name': 'Sodium hydrogen carbonate', 'percent': 0.00244140625}}",185,5.7,3.3,31,200,0.7849000653622682
loyola diner,dinner,friday,"{'Yellow corn masa flour': {'name': 'Yellow corn masa flour', 'percent': 56.25}, 'water': {'name': 'water', 'percent': 21.875}, 'contains 2% and less of': {'name': 'contains 2% and less of', 'percent': 10.9375}, 'guar gum': {'name': 'guar gum', 'percent': 5.46875}, 'amylase': {'name': 'amylase', 'percent': 2.734375}, 'and propionic acid': {'name': 'and propionic acid', 'percent': 1.3671875}, 'benzoic acid': {'name': 'benzoic acid', 'percent': 0.68359375}, 'phosphoric acid': {'name': 'phosphoric acid', 'percent': 0.68359375}, 'cellulose gum': {'name': 'cellulose gum', 'percent': 10.9375}, 'to maintain freshness': {'name': 'to maintain freshness', 'percent': 0.68359375}}",214,5.36,2.68,42.86,453.59237,0.6372944781765625
loyola diner,dinner,sunday,"{'Haricots verts extra-fins': {'name': 'Haricots verts extra-fins', 'percent': 54}, 'eau': {'name': 'eau', 'percent': 45.21}, 'sel': {'name': 'sel', 'percent': 0.394999999999996}, 'oignon grelot': {'name': 'oignon grelot', 'percent': 0.394999999999996}}",20,1.4,0.1,2.3,200,1.1456356335120501
loyola diner,dinner,wednesday,"{'Lentil Flour': {'name': 'Lentil Flour', 'percent': 76}, 'Rapeseed Oil': {'name': 'Rapeseed Oil', 'percent': 11.1}, 'Beetroot Balsamic Seasoning': {'name': 'Beetroot Balsamic Seasoning', 'percent': 7.2}, 'Green Peas': {'name': 'Green Peas', 'percent': 5.7}, 'Sugar': {'name': 'Sugar', 'percent': 2.86079991655345}, 'Salt': {'name': 'Salt', 'percent': 0.83800001192095}, 'Onion': {'name': 'Onion', 'percent': 0.83800001192095}, 'Natural Flavour': {'name': 'Natural Flavour', 'percent': 0.83800001192095}, 'Beetroot Red': {'name': 'Beetroot Red', 'percent': 0.5760000000000001}, 'Garlic': {'name': 'Garlic', 'percent': 0.31320000000000003}, 'Black Pepper': {'name': 'Black Pepper', 'percent': 0.31320000000000003}, 'Balsamic Vinegar': {'name': 'Balsamic Vinegar', 'percent': 0.622800047683699}}",424,25,12,51,122,1.7622730784637468
loyola diner,dinner,friday,"{'Potato Starch': {'name': 'Potato Starch', 'percent': 53.1454545454545}, 'Rapeseed Vegetable Oil': {'name': 'Rapeseed Vegetable Oil', 'percent': 23.6272727272727}, 'Sunflower Vegetable Oil': {'name': 'Sunflower Vegetable Oil', 'percent': 11.8136363636364}, 'Potato': {'name': 'Potato', 'percent': 5.9068181818181795}, 'Salt': {'name': 'Salt', 'percent': 0.9}, 'Tomato': {'name': 'Tomato', 'percent': 0.4}, 'Kale': {'name': 'Kale', 'percent': 0.4}, 'Stabiliser': {'name': 'Stabiliser', 'percent': 0.30000000000000004}, 'Spinach Powder': {'name': 'Spinach Powder', 'percent': 0.2}, 'Beetroot': {'name': 'Beetroot', 'percent': 0.1}, 'Turmeric': {'name': 'Turmeric', 'percent': 3.20681818181816}, 'Calcium Chloride': {'name': 'Calcium Chloride', 'percent': 0.30000000000000004}}",540,2.9,31.3,60.5,113,2.3018614063922205
inspired eats,dinner,saturday,"{'precooked potatoes': {'name': 'precooked potatoes', 'percent': 28}, 'beef prepared in pre-cooked cured meat': {'name': 'beef prepared in pre-cooked cured meat', 'percent': 25}, 'carrots': {'name': 'carrots', 'percent': 16}, 'water': {'name': 'water', 'percent': 11.12}, 'red wine': {'name': 'red wine', 'percent': 5}, 'double tomato concentrate': {'name': 'double tomato concentrate', 'percent': 3.25}, 'onions': {'name': 'onions', 'percent': 1.5}, 'modified corn starch': {'name': 'modified corn starch', 'percent': 0.884615384615385}, 'pig blood': {'name': 'pig blood', 'percent': 0.833333333333333}, 'flavors': {'name': 'flavors', 'percent': 0.75}, 'smoke aroma': {'name': 'smoke aroma', 'percent': 0.75}, 'sugar': {'name': 'sugar', 'percent': 0.45}, 'shallots': {'name': 'shallots', 'percent': 0.45}, 'salt': {'name': 'salt', 'percent': 0.39}, 'rapeseed oil': {'name': 'rapeseed oil', 'percent': 0.39}, 'thyme': {'name': 'thyme', 'percent': 0.39}, 'garlic': {'name': 'garlic', 'percent': 0.39}, 'pepper': {'name': 'pepper', 'percent': 0.39}, 'beef of european union': {'name': 'beef of european union', 'percent': 0.39}, 'packaged under a protective atmosphere': {'name': 'packaged under a protective atmosphere', 'percent': 3.67205128205127}, 'beef': {'name': 'beef', 'percent': 23.83}, 'stabilizers': {'name': 'stabilizers', 'percent': 0.39}, 'polyphosphates': {'name': 'polyphosphates', 'percent': 0.390000000000001}, 'including milk': {'name': 'including milk', 'percent': 0.75}, 'triphosphates': {'name': 'triphosphates', 'percent': 0.39}}",72,6.7,1.2,7.9,300,1.226356687845143
inspired eats,dinner,sunday,"{'Turkey Breast': {'name': 'Turkey Breast', 'percent': '72.81'}, 'Maize Starch': {'name': 'Maize Starch', 'percent': '13.595'}, 'Salt': {'name': 'Salt', 'percent': '0.365'}, 'Pea Protein': {'name': 'Pea Protein', 'percent': '0.365'}, 'Spirit Vinegar': {'name': 'Spirit Vinegar', 'percent': '0.365'}, 'Rice Starch': {'name': 'Rice Starch', 'percent': '0.365'}, 'Yeast Extract': {'name': 'Yeast Extract', 'percent': '0.365'}, 'Dextrose': {'name': 'Dextrose', 'percent': '11.77'}}",125,28,1.4,0.5,100,5.06773197792804
inspired eats,dinner,tuesday,"{'wholegrain wheat': {'name': 'wholegrain wheat', 'percent': 94}, 'barley malt extract': {'name': 'barley malt extract', 'percent': 3.81}, 'sugar': {'name': 'sugar', 'percent': 1.095}, 'salt': {'name': 'salt', 'percent': 0.115}, 'niacin': {'name': 'niacin', 'percent': 0.115}, 'iron': {'name': 'iron', 'percent': 0.115}, 'riboflavin': {'name': 'riboflavin', 'percent': 0.115}, 'thiamin': {'name': 'thiamin', 'percent': 0.115}, 'folic acid': {'name': 'folic acid', 'percent': 0.520000000000024}}",362,12.7,2.3,67.8,720,0.0492557416147707
inspired eats,dinner,wednesday,"{'Natural Wholegrain Basmati Rice Steamed': {'name': 'Natural Wholegrain Basmati Rice Steamed', 'percent': 89}, 'Natural Wild Rice Steamed': {'name': 'Natural Wild Rice Steamed', 'percent': 10}, 'Rice Bran Oil': {'name': 'Rice Bran Oil', 'percent': 0.75}, 'Acacia Fibre': {'name': 'Acacia Fibre', 'percent': 0.25}}",127,3.4,1.9,22.8,250,0.0
inspired eats,dinner,thursday,"{'NOODLES': {'name': 'NOODLES', 'percent': 89}, 'Kartoffelstärke': {'name': 'Kartoffelstärke', 'percent': 5.5}, 'Palmöl': {'name': 'Palmöl', 'percent': 2.75}, 'Salz': {'name': 'Salz', 'percent': 8.392333984375001e-05}, 'Säureregulatoren': {'name': 'Säureregulatoren', 'percent': 0.6875}, 'e500': {'name': 'e500', 'percent': 0.34375000000000006}, 'e339': {'name': 'e339', 'percent': 0.171875}, 'Antioxidationsmittel': {'name': 'Antioxidationsmittel', 'percent': 0.0859375}, 'Emulgator': {'name': 'Emulgator', 'percent': 0.04296875}, 'e322': {'name': 'e322', 'percent': 0.021484375}, 'Würzmittel': {'name': 'Würzmittel', 'percent': 0.000335693359375}, 'Grüner Tee-Extrakt': {'name': 'Grüner Tee-Extrakt', 'percent': 0.00537109375}, 'Farbstoff': {'name': 'Farbstoff', 'percent': 0.002685546875}, 'Geschmacksverstärker': {'name': 'Geschmacksverstärker', 'percent': 0.00016784667968700002}, 'e627': {'name': 'e627', 'percent': 8.392333984375001e-05}, 'e631': {'name': 'e631', 'percent': 4.196166992187501e-05}, 'Zucker': {'name': 'Zucker', 'percent': 2.0980834960937503e-05}, 'Glukose': {'name': 'Glukose', 'percent': 1.0490417480468803e-05}, 'Shiitake': {'name': 'Shiitake', 'percent': 0}, 'GEMÜSE-PILZ-FLOCKEN': {'name': 'GEMÜSE-PILZ-FLOCKEN', 'percent': 5.24520874023438e-06}, 'texturiertes pflanzliches Eiweiß': {'name': 'texturiertes pflanzliches Eiweiß', 'percent': 0}, 'Karotten': {'name': 'Karotten', 'percent': 0}, 'rote Chilischoten': {'name': 'rote Chilischoten', 'percent': 4.196166992187501e-05}, 'Zwiebeln': {'name': 'Zwiebeln', 'percent': 0}, 'Weizenmehl': {'name': 'Weizenmehl', 'percent': 8.392333984375001e-05}, 'e501': {'name': 'e501', 'percent': 0.6875}, 'e306': {'name': 'e306', 'percent': 0.0859375}, 'Hefeextrakt': {'name': 'Hefeextrakt', 'percent': 0.00016784667968700002}, 'Sojabohnen': {'name': 'Sojabohnen', 'percent': 0.002685546875}, 'Knoblauch': {'name': 'Knoblauch', 'percent': 2.0980834960937503e-05}, 'Weizenstärke': {'name': 'Weizenstärke', 'percent': 0.0013427734375}, 'e101': {'name': 'e101', 'percent': 0.0013427734375}, 'WÜRZPULVER': {'name': 'WÜRZPULVER', 'percent': 0.0013427734375}, 'hydrolysiertes Sojaprotein': {'name': 'hydrolysiertes Sojaprotein', 'percent': 0.00067138671875}, 'Maltodextrin': {'name': 'Maltodextrin', 'percent': 0.00016784667968700002}, 'schwarzer Pfeffer': {'name': 'schwarzer Pfeffer', 'percent': 8.392333984375001e-05}, 'Maismehl': {'name': 'Maismehl', 'percent': 2.0980834960937503e-05}, 'e621': {'name': 'e621', 'percent': 0.00016784667968700002}, 'Pak-Choi': {'name': 'Pak-Choi', 'percent': 5.24520874023438e-06}, 'Soja': {'name': 'Soja', 'percent': 0}, 'Weizengluten': {'name': 'Weizengluten', 'percent': 0}}",422,8.2,13,68,120,1.50975705355146
inspired eats,dinner,tuesday,"{'Sweet Chilli Sauce': {'name': 'Sweet Chilli Sauce', 'percent': 33}, 'Vegetable Mix': {'name': 'Vegetable Mix', 'percent': 33}, 'Butternut Squash Spaghetti': {'name': 'Butternut Squash Spaghetti', 'percent': 18}, 'Chicken Breast': {'name': 'Chicken Breast', 'percent': 15.695}, 'Water': {'name': 'Water', 'percent': 0.24264705882352902}, 'Pineapple': {'name': 'Pineapple', 'percent': 7.76470588235294}, 'Red Pepper': {'name': 'Red Pepper', 'percent': 3.88235294117647}, 'Yellow Pepper': {'name': 'Yellow Pepper', 'percent': 1.94117647058824}, 'Cornflour': {'name': 'Cornflour', 'percent': 0.9705882352941181}, 'Light Soy Sauce': {'name': 'Light Soy Sauce', 'percent': 0.48529411764705804}, 'Garlic': {'name': 'Garlic', 'percent': 0.24264705882352902}, 'Ginger': {'name': 'Ginger', 'percent': 0.12132352941176401}, 'Red Chillies': {'name': 'Red Chillies', 'percent': 0.000473920036768}, 'Tomato Paste': {'name': 'Tomato Paste', 'percent': 0.030330882352942002}, 'Sweetener': {'name': 'Sweetener', 'percent': 0.015165441176471001}, 'Lemon Juice form Concentrate': {'name': 'Lemon Juice form Concentrate', 'percent': 0.007582720588235001}, 'White Wine Vinegar': {'name': 'White Wine Vinegar', 'percent': 0.0037913602941150003}, 'Molasses': {'name': 'Molasses', 'percent': 0.001895680147057}, 'Salt': {'name': 'Salt', 'percent': 0.060661764705882006}, 'Paprika Extract': {'name': 'Paprika Extract', 'percent': 0.00047392003676400006}, 'Edamame Beans': {'name': 'Edamame Beans', 'percent': 11}, 'Carrot': {'name': 'Carrot', 'percent': 11}, 'Green Cabbage': {'name': 'Green Cabbage', 'percent': 11}, '_Soya_ Bean': {'name': '_Soya_ Bean', 'percent': 0.12132352941176401}, '_Wheat_ Flour': {'name': '_Wheat_ Flour', 'percent': 0.060661764705882006}, 'Steviol Glycosides': {'name': 'Steviol Glycosides', 'percent': 0.015165441176471001}}",75,7.9,1.4,6.4,550,1.7533735585506098
inspired eats,dinner,wednesday,"{'Asperges': {'name': 'Asperges', 'percent': 75}, 'difiant acide citrique': {'name': 'difiant acide citrique', 'percent': 25}}",18,1.7000000000000002,0.2,1.6,180,1.16948181075
inspired eats,dinner,thursday,{},383,23.6,0.9,62.8,900,1.120933085
inspired eats,dinner,friday,"{'Spinach': {'name': 'Spinach', 'percent': '53.8461538461538'}, 'tomatoes': {'name': 'tomatoes', 'percent': '23.0769230769231'}, 'onions': {'name': 'onions', 'percent': '11.5384615384615'}, 'paneer cheese': {'name': 'paneer cheese', 'percent': '5.76923076923077'}, 'water': {'name': 'water', 'percent': '2.88461538461539'}, 'sunflower oil': {'name': 'sunflower oil', 'percent': '1.44230769230769'}, 'salt': {'name': 'salt', 'percent': '0.4125'}, 'garlic': {'name': 'garlic', 'percent': '0.4125'}, 'cornstarch': {'name': 'cornstarch', 'percent': '0.308653846153852'}, 'yeast extract': {'name': 'yeast extract', 'percent': '0.154326923076923'}, 'ginger': {'name': 'ginger', 'percent': '0.0771634615384613'}, 'chili peppers': {'name': 'chili peppers', 'percent': '0.0385817307692307'}, 'cumin': {'name': 'cumin', 'percent': '0.0385817307692378'}}",79,4.29,5,4.29,285,1.3087759781750754
